{
  "height": 56,
  "width": 186,
  "x": 744.6171875,
  "y": 9759.78125
}